Field,Title,Company,Posted At,Location,Link
Software Engineering,Project Consultant -BTP  (f/m/d) 4-8 Years,SAP,NA,"Bangalore, IN, 560066",https://jobs.sap.com//job/Bangalore-Project-Consultant-BTP-%28fmd%29-4-8-Years-560066/1049430601/
Software Engineering,Corporate Learning Senior Specialist,SAP,NA,"Bangalore, IN, 560066",https://jobs.sap.com//job/Bangalore-Corporate-Learning-Senior-Specialist-560066/1162999701/
Software Engineering,"SAP S/4 HANA Generative AI Techno-Functional Expert for Industries &LoBs, Cloud ERP AI & IE COE, Ban",SAP,NA,"Bangalore, IN, 560066",https://jobs.sap.com//job/Bangalore-SAP-S4-HANA-Generative-AI-Techno-Functional-Expert-for-Industries-&LoBs%2C-Cloud-ERP-AI-&-IE-COE%2C-Ban-560066/1144125101/
Software Engineering,Full Stack Developer -3 -  7 years,SAP,NA,"Bangalore, IN, 560066",https://jobs.sap.com//job/Bangalore-Full-Stack-Developer-3-7-years-560066/1181192201/
Software Engineering,Java Full Stack Developer - SAP Build Process Automation,SAP,NA,"Bangalore, IN, 560066",https://jobs.sap.com//job/Bangalore-Java-Full-Stack-Developer-SAP-Build-Process-Automation-560066/1176660901/
Software Engineering,Full Stack Developer for API Platform @ SAP Integration Suite,SAP,NA,"Bangalore, IN, 560066",https://jobs.sap.com//job/Bangalore-Full-Stack-Developer-for-API-Platform-%40-SAP-Integration-Suite-560066/1108237401/
Software Engineering,User Experience Design Expert,SAP,NA,"Bangalore, IN, 560066",https://jobs.sap.com//job/Bangalore-User-Experience-Design-Expert-560066/1143538301/
Software Engineering,Chief Architect - SAP AI Core / Generative AI Hub,SAP,NA,"Bangalore, IN, 560066",https://jobs.sap.com//job/Bangalore-Chief-Architect-SAP-AI-Core-Generative-AI-Hub-560066/1137897401/
Software Engineering,"Returnship- SAP S/4 HANA AI/ML Expert for Industries & LoBs,CloudERP AI& IE COE, Bangalore",SAP,NA,"Bangalore, IN, 560066",https://jobs.sap.com//job/Bangalore-Returnship-SAP-S4-HANA-AIML-Expert-for-Industries-&-LoBs%2CCloudERP-AI&-IE-COE%2C-Bangalore-560066/1161586801/
Software Engineering,"Senior Developer - GO Lang, Kubernetes,  Core Infrastructure Team - Gardener (BTP)",SAP,NA,"Bangalore, IN, 560066",https://jobs.sap.com//job/Bangalore-Senior-Developer-GO-Lang%2C-Kubernetes%2C-Core-Infrastructure-Team-Gardener-%28BTP%29-560066/1061532201/
Software Engineering,Business Processes Associate Consultant (Utilities Industry),SAP,NA,"Bangalore, IN, 560103",https://jobs.sap.com//job/Bangalore-Business-Processes-Associate-Consultant-%28Utilities-Industry%29-560103/1091945301/
Software Engineering,Senior Quality Specialist (Automation) for API Platform @ SAP Integration Suite,SAP,NA,"Bangalore, IN, 560066",https://jobs.sap.com//job/Bangalore-Senior-Quality-Specialist-%28Automation%29-for-API-Platform-%40-SAP-Integration-Suite-560066/1108225401/
Software Engineering,Gurgaon - SAP Basis Technology Consultant (Implementation/Migration/Conversion) - 2 to 14 years,SAP,NA,"Gurgaon, IN, 122002",https://jobs.sap.com//job/Gurgaon-Gurgaon-SAP-Basis-Technology-Consultant-%28ImplementationMigrationConversion%29-2-to-14-years-122002/1064805201/
Software Engineering,Senior DevOps Engineer - SAP AI,SAP,NA,"Bangalore, IN, 560066",https://jobs.sap.com//job/Bangalore-Senior-DevOps-Engineer-SAP-AI-560066/1165559501/
Software Engineering,Business Processes Associate Consultant - SAP EWM (Cloud ERP),SAP,NA,"Bangalore, IN, 560103",https://jobs.sap.com//job/Bangalore-Business-Processes-Associate-Consultant-SAP-EWM-%28Cloud-ERP%29-560103/1162158901/
Software Engineering,Business Processes Consultant,SAP,NA,"Bangalore, IN, 560103",https://jobs.sap.com//job/Bangalore-Business-Processes-Consultant-560103/1169286601/
Software Engineering,AI Senior Developer for BTP ABAP AI,SAP,NA,"Bangalore, KA, IN, 560066",https://jobs.sap.com//job/Bangalore-AI-Senior-Developer-for-BTP-ABAP-AI-KA-560066/1130136701/
Software Engineering,Gurgaon - SAP Basis Technology Consultant (Implementation/Migration/Conversion) - T1/T2/T3,SAP,NA,"Gurgaon, IN, 122002",https://jobs.sap.com//job/Gurgaon-Gurgaon-SAP-Basis-Technology-Consultant-%28ImplementationMigrationConversion%29-T1T2T3-122002/1128782501/
Software Engineering,Java Cloud Automation Developer,SAP,NA,"Bangalore, IN, 560066",https://jobs.sap.com//job/Bangalore-Java-Cloud-Automation-Developer-560066/1135092701/
Software Engineering,Bangalore - SAP Basis Technology Consultant (Migration/Conversion) - 2 to 15 years,SAP,NA,"Bangalore, IN, 560103",https://jobs.sap.com//job/Bangalore-Bangalore-SAP-Basis-Technology-Consultant-%28MigrationConversion%29-2-to-15-years-560103/1070028101/
Software Engineering,Business Processes Associate Consultant_HANA SQL & Data Warehouse Cloud_2-5 years_(PE Hub),SAP,NA,"Pune, IN, 411014",https://jobs.sap.com//job/Pune-Business-Processes-Associate-Consultant_HANA-SQL-&-Data-Warehouse-Cloud_2-5-years_%28PE-Hub%29-411014/1171348601/
Software Engineering,"Tricentis | Product(s) Expert, Cloud ERP",SAP,NA,"Bangalore, IN, 560103",https://jobs.sap.com//job/Bangalore-Tricentis-Product%28s%29-Expert%2C-Cloud-ERP-560103/1134853401/
Software Engineering,Knowledge Engineer for SAP Knowledge Graph / SAP Business AI- T2/T3,SAP,NA,"Bangalore, KA, IN, 560066",https://jobs.sap.com//job/Bangalore-Knowledge-Engineer-for-SAP-Knowledge-Graph-SAP-Business-AI-T2T3-KA-560066/1177270201/
Software Engineering,Data Development Architect,SAP,NA,"Bangalore, IN, 560066",https://jobs.sap.com//job/Bangalore-Data-Development-Architect-560066/1177375601/
Software Engineering,Cloud AI Developer-5-8 Years-Bangalore,SAP,NA,"Bangalore, KA, IN, 560066",https://jobs.sap.com//job/Bangalore-Cloud-AI-Developer-5-8-Years-Bangalore-KA-560066/1171880301/
Software Engineering,Client Interfaces Developer- C++/Python/NodeJS/Perl (4-7 yrs.),SAP,NA,"Pune, IN, 411014",https://jobs.sap.com//job/Pune-Client-Interfaces-Developer-C%2B%2BPythonNodeJSPerl-%284-7-yrs_%29-411014/1134402501/
Software Engineering,BTP Java Consultant_Java & Spring_Bangalore_3-5 yrs_Bangalore_T1_(PE Hub),SAP,NA,"Pune, IN, 411014",https://jobs.sap.com//job/Pune-BTP-Java-Consultant_Java-&-Spring_Bangalore_3-5-yrs_Bangalore_T1_%28PE-Hub%29-411014/1170626101/
Software Engineering,Developer Associate- Java Spring Boot Developer,SAP,NA,"Bangalore, IN, 560066",https://jobs.sap.com//job/Bangalore-Developer-Associate-Java-Spring-Boot-Developer-560066/1181194001/
Software Engineering,Senior Quality Specialist (Automation) for API Platform @ SAP Integration Suite,SAP,NA,"Bangalore, IN, 560066",https://jobs.sap.com//job/Bangalore-Senior-Quality-Specialist-%28Automation%29-for-API-Platform-%40-SAP-Integration-Suite-560066/1108225401/
Software Engineering,Business Processes Consultant-Senior Java Developer,SAP,NA,"Bangalore, IN, 560093",https://jobs.sap.com//job/Bangalore-Business-Processes-Consultant-Senior-Java-Developer-560093/1139949601/
Software Engineering,Business Process Associate Consultant-CAP Model Consultant- Cloud ERP,SAP,NA,"Bangalore, IN, 560103",https://jobs.sap.com//job/Bangalore-Business-Process-Associate-Consultant-CAP-Model-Consultant-Cloud-ERP-560103/1145520301/
Software Engineering,Business Processes Consultant,SAP,NA,"Bangalore, IN, 560103",https://jobs.sap.com//job/Bangalore-Business-Processes-Consultant-560103/1169286601/
Software Engineering,CAP Model Consultant-Cloud ERP,SAP,NA,"Bangalore, IN, 560103",https://jobs.sap.com//job/Bangalore-CAP-Model-Consultant-Cloud-ERP-560103/1178152801/
Software Engineering,Developer for Analytics platform with Java/Python,SAP,NA,"Bangalore, IN, 560066",https://jobs.sap.com//job/Bangalore-Developer-for-Analytics-platform-with-JavaPython-560066/1182274401/
Software Engineering,Senior Java Developer,SAP,NA,"Bangalore, IN, 560066",https://jobs.sap.com//job/Bangalore-Senior-Java-Developer-560066/1177369801/
Software Engineering,"Senior Developer-8+ Years ,Java, Python",SAP,NA,"Bangalore, IN, 560066",https://jobs.sap.com//job/Bangalore-Senior-Developer-8%2B-Years-%2CJava%2C-Python-560066/1162990201/
Software Engineering,Java Developer_CLM,SAP,NA,"Bangalore, IN, 560066",https://jobs.sap.com//job/Bangalore-Java-Developer_CLM-560066/1182726201/
Software Engineering,Java Full Stack Developer - SAP Build Process Automation,SAP,NA,"Bangalore, IN, 560066",https://jobs.sap.com//job/Bangalore-Java-Full-Stack-Developer-SAP-Build-Process-Automation-560066/1176660901/
Software Engineering,"JAVA Architect (8-12yrs) | Spring, Hibernate, SaaS Cloud Technology, DS, SQL,",SAP,NA,"Pune, IN, 411014",https://jobs.sap.com//job/Pune-JAVA-Architect-%288-12yrs%29-Spring%2C-Hibernate%2C-SaaS-Cloud-Technology%2C-DS%2C-SQL%2C-411014/1176641501/
Software Engineering,Full Stack Developer for API Platform @ SAP Integration Suite,SAP,NA,"Bangalore, IN, 560066",https://jobs.sap.com//job/Bangalore-Full-Stack-Developer-for-API-Platform-%40-SAP-Integration-Suite-560066/1108237401/
Software Engineering,Java Spring boot Developer (5-8 Years),SAP,NA,"Bangalore, IN, 560103",https://jobs.sap.com//job/Bangalore-Java-Spring-boot-Developer-%285-8-Years%29-560103/1158359701/
Software Engineering,Senior Developer- Java- ML/Analytics Cloud Native Application,SAP,NA,"Bangalore, IN, 560066",https://jobs.sap.com//job/Bangalore-Senior-Developer-Java-MLAnalytics-Cloud-Native-Application-560066/1159521801/
Software Engineering,CAP Model Consultant,SAP,NA,"Bangalore, IN, 560103",https://jobs.sap.com//job/Bangalore-CAP-Model-Consultant-560103/946439301/
Software Engineering,Development Architect-Java/Python,SAP,NA,"Bangalore, IN, 560066",https://jobs.sap.com//job/Bangalore-Development-Architect-JavaPython-560066/1165262801/
Software Engineering,"Full Stack Senior Developer: Java, React/Angular/Node",SAP,NA,"Bangalore, IN, 560066",https://jobs.sap.com//job/Bangalore-Full-Stack-Senior-Developer-Java%2C-ReactAngularNode-560066/1172736501/
Software Engineering,"Cloud Services Developer - Go/Python/Java, AWS/Azure/Google cloud_ 3-6 years _ Pune",SAP,NA,"Pune, IN, 411014",https://jobs.sap.com//job/Pune-Cloud-Services-Developer-GoPythonJava%2C-AWSAzureGoogle-cloud_-3-6-years-_-Pune-411014/1159004301/
Software Engineering,"Senior Developer (Go or Java), SAP Application Foundation Team",SAP,NA,"Bangalore, IN, 560066",https://jobs.sap.com//job/Bangalore-Senior-Developer-%28Go-or-Java%29%2C-SAP-Application-Foundation-Team-560066/1179737601/
Software Engineering,Project Consultant -BTP  (f/m/d) 4-8 Years,SAP,NA,"Bangalore, IN, 560066",https://jobs.sap.com//job/Bangalore-Project-Consultant-BTP-%28fmd%29-4-8-Years-560066/1049430601/
Software Engineering,"Senior Full stack Developer - Angula, Java, Cloud _ 6-9 years",SAP,NA,"Bangalore, IN, 560066",https://jobs.sap.com//job/Bangalore-Senior-Full-stack-Developer-Angula%2C-Java%2C-Cloud-_-6-9-years-560066/1158532701/
Software Engineering,Java Enterprise Architect -AI Joule,SAP,NA,"Bangalore, IN, 560066",https://jobs.sap.com//job/Bangalore-Java-Enterprise-Architect-AI-Joule-560066/1127825101/
Software Engineering,Senior Full Stack Developer/Associate Architect for API Platform - SAP Integration Suite,SAP,NA,"Bangalore, IN, 560066",https://jobs.sap.com//job/Bangalore-Senior-Full-Stack-DeveloperAssociate-Architect-for-API-Platform-SAP-Integration-Suite-560066/1108214701/
Software Engineering,Project Consultant -BTP  (f/m/d) 4-8 Years,SAP,NA,"Bangalore, IN, 560066",https://jobs.sap.com//job/Bangalore-Project-Consultant-BTP-%28fmd%29-4-8-Years-560066/1049430601/
Software Engineering,Corporate Learning Senior Specialist,SAP,NA,"Bangalore, IN, 560066",https://jobs.sap.com//job/Bangalore-Corporate-Learning-Senior-Specialist-560066/1162999701/
Software Engineering,"SAP S/4 HANA Generative AI Techno-Functional Expert for Industries &LoBs, Cloud ERP AI & IE COE, Ban",SAP,NA,"Bangalore, IN, 560066",https://jobs.sap.com//job/Bangalore-SAP-S4-HANA-Generative-AI-Techno-Functional-Expert-for-Industries-&LoBs%2C-Cloud-ERP-AI-&-IE-COE%2C-Ban-560066/1144125101/
Software Engineering,Full Stack Developer -3 -  7 years,SAP,NA,"Bangalore, IN, 560066",https://jobs.sap.com//job/Bangalore-Full-Stack-Developer-3-7-years-560066/1181192201/
Software Engineering,Java Full Stack Developer - SAP Build Process Automation,SAP,NA,"Bangalore, IN, 560066",https://jobs.sap.com//job/Bangalore-Java-Full-Stack-Developer-SAP-Build-Process-Automation-560066/1176660901/
Software Engineering,User Experience Design Expert,SAP,NA,"Bangalore, IN, 560066",https://jobs.sap.com//job/Bangalore-User-Experience-Design-Expert-560066/1143538301/
Software Engineering,Full Stack Developer for API Platform @ SAP Integration Suite,SAP,NA,"Bangalore, IN, 560066",https://jobs.sap.com//job/Bangalore-Full-Stack-Developer-for-API-Platform-%40-SAP-Integration-Suite-560066/1108237401/
Software Engineering,Chief Architect - SAP AI Core / Generative AI Hub,SAP,NA,"Bangalore, IN, 560066",https://jobs.sap.com//job/Bangalore-Chief-Architect-SAP-AI-Core-Generative-AI-Hub-560066/1137897401/
Software Engineering,Senior Quality Specialist (Automation) for API Platform @ SAP Integration Suite,SAP,NA,"Bangalore, IN, 560066",https://jobs.sap.com//job/Bangalore-Senior-Quality-Specialist-%28Automation%29-for-API-Platform-%40-SAP-Integration-Suite-560066/1108225401/
Software Engineering,Business Processes Associate Consultant (Utilities Industry),SAP,NA,"Bangalore, IN, 560103",https://jobs.sap.com//job/Bangalore-Business-Processes-Associate-Consultant-%28Utilities-Industry%29-560103/1091945301/
Software Engineering,"Returnship- SAP S/4 HANA AI/ML Expert for Industries & LoBs,CloudERP AI& IE COE, Bangalore",SAP,NA,"Bangalore, IN, 560066",https://jobs.sap.com//job/Bangalore-Returnship-SAP-S4-HANA-AIML-Expert-for-Industries-&-LoBs%2CCloudERP-AI&-IE-COE%2C-Bangalore-560066/1161586801/
Software Engineering,Business Processes Associate Consultant - SAP EWM (Cloud ERP),SAP,NA,"Bangalore, IN, 560103",https://jobs.sap.com//job/Bangalore-Business-Processes-Associate-Consultant-SAP-EWM-%28Cloud-ERP%29-560103/1162158901/
Software Engineering,Business Processes Consultant,SAP,NA,"Bangalore, IN, 560103",https://jobs.sap.com//job/Bangalore-Business-Processes-Consultant-560103/1169286601/
Software Engineering,AI Senior Developer for BTP ABAP AI,SAP,NA,"Bangalore, KA, IN, 560066",https://jobs.sap.com//job/Bangalore-AI-Senior-Developer-for-BTP-ABAP-AI-KA-560066/1130136701/
Software Engineering,Business Processes Associate Consultant_HANA SQL & Data Warehouse Cloud_2-5 years_(PE Hub),SAP,NA,"Pune, IN, 411014",https://jobs.sap.com//job/Pune-Business-Processes-Associate-Consultant_HANA-SQL-&-Data-Warehouse-Cloud_2-5-years_%28PE-Hub%29-411014/1171348601/
Software Engineering,Senior DevOps Engineer - SAP AI,SAP,NA,"Bangalore, IN, 560066",https://jobs.sap.com//job/Bangalore-Senior-DevOps-Engineer-SAP-AI-560066/1165559501/
Software Engineering,Data Development Architect,SAP,NA,"Bangalore, IN, 560066",https://jobs.sap.com//job/Bangalore-Data-Development-Architect-560066/1177375601/
Software Engineering,Cloud AI Developer-5-8 Years-Bangalore,SAP,NA,"Bangalore, KA, IN, 560066",https://jobs.sap.com//job/Bangalore-Cloud-AI-Developer-5-8-Years-Bangalore-KA-560066/1171880301/
Software Engineering,Java Cloud Automation Developer,SAP,NA,"Bangalore, IN, 560066",https://jobs.sap.com//job/Bangalore-Java-Cloud-Automation-Developer-560066/1135092701/
Software Engineering,Business Processes Senior Consultant - SAP MM | S/4HANA Procurement (Cloud ERP),SAP,NA,"Bangalore, IN, 560103",https://jobs.sap.com//job/Bangalore-Business-Processes-Senior-Consultant-SAP-MM-S4HANA-Procurement-%28Cloud-ERP%29-560103/1140496101/
Software Engineering,Gurgaon - SAP Basis Technology Consultant (Implementation/Migration/Conversion) - 2 to 14 years,SAP,NA,"Gurgaon, IN, 122002",https://jobs.sap.com//job/Gurgaon-Gurgaon-SAP-Basis-Technology-Consultant-%28ImplementationMigrationConversion%29-2-to-14-years-122002/1064805201/
Software Engineering,"Tricentis | Product(s) Expert, Cloud ERP",SAP,NA,"Bangalore, IN, 560103",https://jobs.sap.com//job/Bangalore-Tricentis-Product%28s%29-Expert%2C-Cloud-ERP-560103/1134853401/
Software Engineering,Cloud AI Senior Developer - Bangalore,SAP,NA,"Bangalore, KA, IN, 560066",https://jobs.sap.com//job/Bangalore-Cloud-AI-Senior-Developer-Bangalore-KA-560066/1167431301/
Software Engineering,Knowledge Engineer for SAP Knowledge Graph / SAP Business AI- T2/T3,SAP,NA,"Bangalore, KA, IN, 560066",https://jobs.sap.com//job/Bangalore-Knowledge-Engineer-for-SAP-Knowledge-Graph-SAP-Business-AI-T2T3-KA-560066/1177270201/
Software Engineering,Senior User Experience Design Specialist,SAP,NA,"Bangalore, IN, 560066",https://jobs.sap.com//job/Bangalore-Senior-User-Experience-Design-Specialist-560066/1158459601/
Software Engineering,Senior Developer - Go/Python (7-14 years),SAP,NA,"Bangalore, IN, 560103",https://jobs.sap.com//job/Bangalore-Senior-Developer-GoPython-%287-14-years%29-560103/1088690001/
Software Engineering,Senior Full Stack Developer | Python,SAP,NA,"Bangalore, IN, 560066",https://jobs.sap.com//job/Bangalore-Senior-Full-Stack-Developer-Python-560066/1149233401/
Software Engineering,Developer for Analytics platform with Java/Python,SAP,NA,"Bangalore, IN, 560066",https://jobs.sap.com//job/Bangalore-Developer-for-Analytics-platform-with-JavaPython-560066/1182274401/
Software Engineering,"Senior Developer-8+ Years ,Java, Python",SAP,NA,"Bangalore, IN, 560066",https://jobs.sap.com//job/Bangalore-Senior-Developer-8%2B-Years-%2CJava%2C-Python-560066/1162990201/
Software Engineering,Development Architect-Java/Python,SAP,NA,"Bangalore, IN, 560066",https://jobs.sap.com//job/Bangalore-Development-Architect-JavaPython-560066/1165262801/
Software Engineering,"Development Expert - python, pyspark, cloud (Ex 10- 15Y)",SAP,NA,"Bangalore, IN, 560066",https://jobs.sap.com//job/Bangalore-Development-Expert-python%2C-pyspark%2C-cloud-%28Ex-10-15Y%29-560066/1092491301/
Software Engineering,"SAP S/4 HANA Generative AI Techno-Functional Expert for Industries &LoBs, Cloud ERP AI & IE COE, Ban",SAP,NA,"Bangalore, IN, 560066",https://jobs.sap.com//job/Bangalore-SAP-S4-HANA-Generative-AI-Techno-Functional-Expert-for-Industries-&LoBs%2C-Cloud-ERP-AI-&-IE-COE%2C-Ban-560066/1144125101/
Software Engineering,"Cloud Services Developer - Go/Python/Java, AWS/Azure/Google cloud_ 3-6 years _ Pune",SAP,NA,"Pune, IN, 411014",https://jobs.sap.com//job/Pune-Cloud-Services-Developer-GoPythonJava%2C-AWSAzureGoogle-cloud_-3-6-years-_-Pune-411014/1159004301/
Software Engineering,Client Interfaces Developer- C++/Python/NodeJS/Perl (4-7 yrs.),SAP,NA,"Pune, IN, 411014",https://jobs.sap.com//job/Pune-Client-Interfaces-Developer-C%2B%2BPythonNodeJSPerl-%284-7-yrs_%29-411014/1134402501/
Software Engineering,Full Stack Senior Developer - BTP Compliance,SAP,NA,"Bangalore, IN, 560066",https://jobs.sap.com//job/Bangalore-Full-Stack-Senior-Developer-BTP-Compliance-560066/1076979201/
Software Engineering,Corporate Learning Senior Specialist,SAP,NA,"Bangalore, IN, 560066",https://jobs.sap.com//job/Bangalore-Corporate-Learning-Senior-Specialist-560066/1162999701/
Software Engineering,Quality Specialist for Analytical platform team,SAP,NA,"Bangalore, IN, 560066",https://jobs.sap.com//job/Bangalore-Quality-Specialist-for-Analytical-platform-team-560066/1167100701/
Software Engineering,Python Automation Engineer- Cloud- 5+ yrs. (Location- Pune),SAP,NA,"Pune, IN, 411014",https://jobs.sap.com//job/Pune-Python-Automation-Engineer-Cloud-5%2B-yrs_-%28Location-Pune%29-411014/1079125101/
Software Engineering,Senior Python / GoLang Developer,SAP,NA,"Bangalore, KA, IN, 560066",https://jobs.sap.com//job/Bangalore-Senior-Python-GoLang-Developer-KA-560066/1161967401/
Software Engineering,Project Consultant -BTP  (f/m/d) 4-8 Years,SAP,NA,"Bangalore, IN, 560066",https://jobs.sap.com//job/Bangalore-Project-Consultant-BTP-%28fmd%29-4-8-Years-560066/1049430601/
Software Engineering,Linux System Administrator and KVM,SAP,NA,"Bangalore, IN, 560066",https://jobs.sap.com//job/Bangalore-Linux-System-Administrator-and-KVM-560066/1182762701/
Software Engineering,Cloud Native Senior Developer,SAP,NA,"Bangalore, IN, 560103",https://jobs.sap.com//job/Bangalore-Cloud-Native-Senior-Developer-560103/1079966001/
Software Engineering,Senior Quality Specialist (Automation) for API Platform @ SAP Integration Suite,SAP,NA,"Bangalore, IN, 560066",https://jobs.sap.com//job/Bangalore-Senior-Quality-Specialist-%28Automation%29-for-API-Platform-%40-SAP-Integration-Suite-560066/1108225401/
Software Engineering,CFE Associate Consultant,SAP,NA,"Bangalore, IN, 560093",https://jobs.sap.com//job/Bangalore-CFE-Associate-Consultant-560093/1127375401/
Software Engineering,"Associate Architect/Technical Lead - NodeJs, Typescript",SAP,NA,"Bangalore, IN, 560066",https://jobs.sap.com//job/Bangalore-Associate-ArchitectTechnical-Lead-NodeJs%2C-Typescript-560066/1109820301/
Software Engineering,Linux and AWS Administration (AWS Network),SAP,NA,"Bangalore, IN, 560066",https://jobs.sap.com//job/Bangalore-Linux-and-AWS-Administration-%28AWS-Network%29-560066/1160654401/
Software Engineering,Business Processes Associate Consultant_HANA SQL & Data Warehouse Cloud_2-5 years_(PE Hub),SAP,NA,"Pune, IN, 411014",https://jobs.sap.com//job/Pune-Business-Processes-Associate-Consultant_HANA-SQL-&-Data-Warehouse-Cloud_2-5-years_%28PE-Hub%29-411014/1171348601/
Software Engineering,DevOps Engineer,SAP,NA,"Bangalore, IN, 560066",https://jobs.sap.com//job/Bangalore-DevOps-Engineer-560066/1083393401/
Software Engineering,Senior Data Engineer,SAP,NA,"Bangalore, IN, 560066",https://jobs.sap.com//job/Bangalore-Senior-Data-Engineer-560066/1177373101/
Software Engineering,Cyber Incident Response and Recovery Investigator,SAP,NA,"Bangalore, KA, IN, 560066",https://jobs.sap.com//job/Bangalore-Cyber-Incident-Response-and-Recovery-Investigator-KA-560066/1179715001/
Software Engineering,Java Cloud Automation Developer,SAP,NA,"Bangalore, IN, 560066",https://jobs.sap.com//job/Bangalore-Java-Cloud-Automation-Developer-560066/1135092701/
Software Engineering,Senior Developer,SAP,NA,"Bangalore, IN, 560066",https://jobs.sap.com//job/Bangalore-Senior-Developer-560066/1174201501/
Software Engineering,Senior SAP NetWeaver Consultant - (ABAP and Java basis administration) (7-15 Yrs),SAP,NA,"Bangalore, IN, 560066",https://jobs.sap.com//job/Bangalore-Senior-SAP-NetWeaver-Consultant-%28ABAP-and-Java-basis-administration%29-%287-15-Yrs%29-560066/1160872101/
Software Engineering,SAP NetWeaver Consultant (ABAP and Java basis administration) (3-7 Years exp),SAP,NA,"Bangalore, IN, 560066",https://jobs.sap.com//job/Bangalore-SAP-NetWeaver-Consultant-%28ABAP-and-Java-basis-administration%29-%283-7-Years-exp%29-560066/1160870301/
Software Engineering,Business Processes Senior Consultant - SAP Basis HANA,SAP,NA,"Gurgaon, IN, 122002",https://jobs.sap.com//job/Gurgaon-Business-Processes-Senior-Consultant-SAP-Basis-HANA-122002/1093182601/
Software Engineering,Integration Consultant_PI/PO Developer_Implementation_3-5 yrs_Bangalore_T1_(PE Hub),SAP,NA,"Gurgaon, IN, 122002",https://jobs.sap.com//job/Gurgaon-Integration-Consultant_PIPO-Developer_Implementation_3-5-yrs_Bangalore_T1_%28PE-Hub%29-122002/1170606901/
Software Engineering,Full Stack Cloud Engineer: SAP Signavio PAM,SAP,NA,"Bangalore, IN, 560066",https://jobs.sap.com//job/Bangalore-Full-Stack-Cloud-Engineer-SAP-Signavio-PAM-560066/1157090301/
Software Engineering,Business Processes Associate Consultant (Utilities Industry),SAP,NA,"Bangalore, IN, 560103",https://jobs.sap.com//job/Bangalore-Business-Processes-Associate-Consultant-%28Utilities-Industry%29-560103/1091945301/
Software Engineering,Integration Consultant_PI/PO Dev &Cloud Integration_Implementation_5-9 yrs_Mumbai/Pune_T2_(PE Hub),SAP,NA,"Bangalore, IN, 560066",https://jobs.sap.com//job/Bangalore-Integration-Consultant_PIPO-Dev-&Cloud-Integration_Implementation_5-9-yrs_MumbaiPune_T2_%28PE-Hub%29-560066/1170615001/
Software Engineering,Senior Cloud Developer (Full-Stack) for Intelligent Service Delivery (ISD) Hub - Bangalore,SAP,NA,"Bangalore, KA, IN, 560066",https://jobs.sap.com//job/Bangalore-Senior-Cloud-Developer-%28Full-Stack%29-for-Intelligent-Service-Delivery-%28ISD%29-Hub-Bangalore-KA-560066/1133847501/
Software Engineering,"Full Stack Developer: Java, React/Angular/Node",SAP,NA,"Bangalore, IN, 560066",https://jobs.sap.com//job/Bangalore-Full-Stack-Developer-Java%2C-ReactAngularNode-560066/1173422901/
Software Engineering,HANA Database Administrator | 5-9 years,SAP,NA,"Bangalore, IN, 560066",https://jobs.sap.com//job/Bangalore-HANA-Database-Administrator-5-9-years-560066/1128379701/
Software Engineering,"SAP S/4 HANA Generative AI Techno-Functional Expert for Industries &LoBs, Cloud ERP AI & IE COE, Ban",SAP,NA,"Bangalore, IN, 560066",https://jobs.sap.com//job/Bangalore-SAP-S4-HANA-Generative-AI-Techno-Functional-Expert-for-Industries-&LoBs%2C-Cloud-ERP-AI-&-IE-COE%2C-Ban-560066/1144125101/
Software Engineering,Cloud Developer (Full-Stack) - Bengaluru,SAP,NA,"Bangalore, KA, IN, 560066",https://jobs.sap.com//job/Bangalore-Cloud-Developer-%28Full-Stack%29-Bengaluru-KA-560066/1152427201/
Software Engineering,Business Processes Consultant - ABAP HR with HCM/SuccessFactors experience,SAP,NA,"Bangalore, IN, 560103",https://jobs.sap.com//job/Bangalore-Business-Processes-Consultant-ABAP-HR-with-HCMSuccessFactors-experience-560103/1124561501/
Software Engineering,Business Processes Associate Consultant - ABAP HR with HCM/SuccessFactors experience,SAP,NA,"Bangalore, IN, 560103",https://jobs.sap.com//job/Bangalore-Business-Processes-Associate-Consultant-ABAP-HR-with-HCMSuccessFactors-experience-560103/1124561101/
Software Engineering,DevOps Engineer,SAP,NA,"Bangalore, IN, 560066",https://jobs.sap.com//job/Bangalore-DevOps-Engineer-560066/1083393401/
Software Engineering,IT Senior Specialist - Material Master Data Management,SAP,NA,"Bangalore, KA, IN, 560066",https://jobs.sap.com//job/Bangalore-IT-Senior-Specialist-Material-Master-Data-Management-KA-560066/1152879101/
Software Engineering,IT Business Services Consultant | BTP Application Developer,SAP,NA,"Pune, IN, 411014",https://jobs.sap.com//job/Pune-IT-Business-Services-Consultant-BTP-Application-Developer-411014/1172749401/
Software Engineering,Full Stack Developer -3 -  7 years,SAP,NA,"Bangalore, IN, 560066",https://jobs.sap.com//job/Bangalore-Full-Stack-Developer-3-7-years-560066/1181192201/
Software Engineering,Full Stack Senior Developer - BTP Compliance,SAP,NA,"Bangalore, IN, 560066",https://jobs.sap.com//job/Bangalore-Full-Stack-Senior-Developer-BTP-Compliance-560066/1076979201/
Software Engineering,Senior Cloud Developer (Full-Stack) for Intelligent Service Delivery (ISD) Hub - Bangalore,SAP,NA,"Bangalore, KA, IN, 560066",https://jobs.sap.com//job/Bangalore-Senior-Cloud-Developer-%28Full-Stack%29-for-Intelligent-Service-Delivery-%28ISD%29-Hub-Bangalore-KA-560066/1152421901/
Software Engineering,Cloud AI Developer-5-8 Years-Bangalore,SAP,NA,"Bangalore, KA, IN, 560066",https://jobs.sap.com//job/Bangalore-Cloud-AI-Developer-5-8-Years-Bangalore-KA-560066/1171880301/
Software Engineering,Cloud Developer (Full Stack) - Bengaluru,SAP,NA,"Bangalore, KA, IN, 560066",https://jobs.sap.com//job/Bangalore-Cloud-Developer-%28Full-Stack%29-Bengaluru-KA-560066/1155144401/
Software Engineering,Gurgaon - SAP Basis Technology Consultant (Implementation/Migration/Conversion) - 2 to 14 years,SAP,NA,"Gurgaon, IN, 122002",https://jobs.sap.com//job/Gurgaon-Gurgaon-SAP-Basis-Technology-Consultant-%28ImplementationMigrationConversion%29-2-to-14-years-122002/1064805201/
Software Engineering,Business Processes Senior Consultant - SAP MM | S/4HANA Procurement (Cloud ERP),SAP,NA,"Bangalore, IN, 560103",https://jobs.sap.com//job/Bangalore-Business-Processes-Senior-Consultant-SAP-MM-S4HANA-Procurement-%28Cloud-ERP%29-560103/1140496101/
Software Engineering,Senior IT Escalation Expert - SAP Basis Installation/Migration/Upgrade (7+ yrs.),SAP,NA,"Bangalore, IN, 560066",https://jobs.sap.com//job/Bangalore-Senior-IT-Escalation-Expert-SAP-Basis-InstallationMigrationUpgrade-%287%2B-yrs_%29-560066/1164665001/
Software Engineering,"IT Technology Services Specialist-Service Delivery Specialist, SAP BASIS",SAP,NA,"Bangalore, IN, 560066",https://jobs.sap.com//job/Bangalore-IT-Technology-Services-Specialist-Service-Delivery-Specialist%2C-SAP-BASIS-560066/1163318001/
Software Engineering,"Developer (ABAP, RAP, Fiori) - S/4HANA Business Partner",SAP,NA,"Bangalore, IN, 560066",https://jobs.sap.com//job/Bangalore-Developer-%28ABAP%2C-RAP%2C-Fiori%29-S4HANA-Business-Partner-560066/1110809201/
Software Engineering,Cloud AI Senior Developer - Bangalore,SAP,NA,"Bangalore, KA, IN, 560066",https://jobs.sap.com//job/Bangalore-Cloud-AI-Senior-Developer-Bangalore-KA-560066/1167431301/
Software Engineering,Senior User Experience Design Specialist,SAP,NA,"Bangalore, IN, 560066",https://jobs.sap.com//job/Bangalore-Senior-User-Experience-Design-Specialist-560066/1158459601/
Software Engineering,Returnship : IT Technology Services Specialist,SAP,NA,"Bangalore, IN, 560066",https://jobs.sap.com//job/Bangalore-Returnship-IT-Technology-Services-Specialist-560066/1147605801/
Software Engineering,IT Technology Services Specialist - BASIS expert,SAP,NA,"Bangalore, IN, 560066",https://jobs.sap.com//job/Bangalore-IT-Technology-Services-Specialist-BASIS-expert-560066/1163316801/
Software Engineering,SAP Data Management Specialist,SAP,NA,"Bangalore, IN, 560066",https://jobs.sap.com//job/Bangalore-SAP-Data-Management-Specialist-560066/1136711601/
Software Engineering,HANA Expert - 15+ years,SAP,NA,"Bangalore, KA, IN, 560066",https://jobs.sap.com//job/Bangalore-HANA-Expert-15%2B-years-KA-560066/1170110001/
Software Engineering,SAP S/4HANA Global Lead Innovation Incubation for Industries,SAP,NA,"Bangalore, IN, 560103",https://jobs.sap.com//job/Bangalore-SAP-S4HANA-Global-Lead-Innovation-Incubation-for-Industries-560103/1157430901/
Software Engineering,Business Processes Consultant-Deployment Consultant,SAP,NA,"Bangalore, IN, 560093",https://jobs.sap.com//job/Bangalore-Business-Processes-Consultant-Deployment-Consultant-560093/1180212501/
Software Engineering,"Development Expert - python, pyspark, cloud (Ex 10- 15Y)",SAP,NA,"Bangalore, IN, 560066",https://jobs.sap.com//job/Bangalore-Development-Expert-python%2C-pyspark%2C-cloud-%28Ex-10-15Y%29-560066/1092491301/
Software Engineering,Senior Data Engineer,SAP,NA,"Bangalore, IN, 560066",https://jobs.sap.com//job/Bangalore-Senior-Data-Engineer-560066/1177373101/
Software Engineering,Senior Database Specialist - IBM DB2 & SAP HANA,SAP,NA,"Bangalore, KA, IN, 560066",https://jobs.sap.com//job/Bangalore-Senior-Database-Specialist-IBM-DB2-&-SAP-HANA-KA-560066/1133891301/
Software Engineering,Customer Delivery Manager - BASIS : SAP LABS,SAP,NA,"Bangalore, IN, 560066",https://jobs.sap.com//job/Bangalore-Customer-Delivery-Manager-BASIS-SAP-LABS-560066/1095979401/
Software Engineering,Bangalore - SAP Basis Technology Consultant (Migration/Conversion) - 6 to 10 years,SAP,NA,"Bangalore, IN, 560066",https://jobs.sap.com//job/Bangalore-Bangalore-SAP-Basis-Technology-Consultant-%28MigrationConversion%29-6-to-10-years-560066/1113187701/
Software Engineering,Senior UX Designer - AI & Enterprise UX,SAP,NA,"Bangalore, KA, IN, 560066",https://jobs.sap.com//job/Bangalore-Senior-UX-Designer-AI-&-Enterprise-UX-KA-560066/1178376801/
Software Engineering,Technical Services Manager - BASIS : SAP LABS,SAP,NA,"Bangalore, IN, 560066",https://jobs.sap.com//job/Bangalore-Technical-Services-Manager-BASIS-SAP-LABS-560066/1140450501/
Software Engineering,Partner Solution Enablement Manager,SAP,NA,"Bangalore, IN, 560066",https://jobs.sap.com//job/Bangalore-Partner-Solution-Enablement-Manager-560066/1171519901/
Software Engineering,Partner Solution Enablement Senior Specialist,SAP,NA,"Bangalore, IN, 560066",https://jobs.sap.com//job/Bangalore-Partner-Solution-Enablement-Senior-Specialist-560066/1172456401/
Software Engineering,ABAP Developer (4 to 7 years),SAP,NA,"Bangalore, IN, 560066",https://jobs.sap.com//job/Bangalore-ABAP-Developer-%284-to-7-years%29-560066/1123189801/
Software Engineering,Senior Python / GoLang Developer,SAP,NA,"Bangalore, KA, IN, 560066",https://jobs.sap.com//job/Bangalore-Senior-Python-GoLang-Developer-KA-560066/1161967401/
Software Engineering,Business Processes Associate Consultant- SAP ABAP or SAP FICO - 4 to 5 years - (PE Hub),SAP,NA,"Gurgaon, IN, 122002",https://jobs.sap.com//job/Gurgaon-Business-Processes-Associate-Consultant-SAP-ABAP-or-SAP-FICO-4-to-5-years-%28PE-Hub%29-122002/1169425501/
Software Engineering,PE Hub- Associate Consultant - PP / PM / PPM / DMC / EWM / TM,SAP,NA,"Gurgaon, IN, 122002",https://jobs.sap.com//job/Gurgaon-PE-Hub-Associate-Consultant-PP-PM-PPM-DMC-EWM-TM-122002/1177304901/
Software Engineering,IT Business Services Consultant | BTP Application Developer,SAP,NA,"Pune, IN, 411014",https://jobs.sap.com//job/Pune-IT-Business-Services-Consultant-BTP-Application-Developer-411014/1172749401/
Software Engineering,"Nodejs, Devops, Kubernetes Developer",SAP,NA,"Bangalore, IN, 560066",https://jobs.sap.com//job/Bangalore-Nodejs%2C-Devops%2C-Kubernetes-Developer-560066/1104750301/
Software Engineering,Senior - Process Mining Specialist (Signavio),SAP,NA,"Bangalore, IN, 560066",https://jobs.sap.com//job/Bangalore-Senior-Process-Mining-Specialist-%28Signavio%29-560066/1165344101/
Software Engineering,Cloud Performance Engineer - Performance and Scalability Testing  | 3-7 y,SAP,NA,"Bangalore, IN, 560066",https://jobs.sap.com//job/Bangalore-Cloud-Performance-Engineer-Performance-and-Scalability-Testing-3-7-y-560066/1158538901/
Software Engineering,Cloud Infrastructure Service Optimization Specialist,SAP,NA,"Bangalore, IN, 560066",https://jobs.sap.com//job/Bangalore-Cloud-Infrastructure-Service-Optimization-Specialist-560066/1088837401/
Software Engineering,Problem Management (Linux Engineer with Cloud),SAP,NA,"Bangalore, IN, 560066",https://jobs.sap.com//job/Bangalore-Problem-Management-%28Linux-Engineer-with-Cloud%29-560066/1160669101/
Software Engineering,Senior Linux Specialist + IBM Cloud,SAP,NA,"Bangalore, IN, 560066",https://jobs.sap.com//job/Bangalore-Senior-Linux-Specialist-%2B-IBM-Cloud-560066/1182774001/
Software Engineering,IT Technology Services Specialist - Linux Administration | Cloud Infra | Root Cause Analysis | 5-10y,SAP,NA,"Bangalore, IN, 560066",https://jobs.sap.com//job/Bangalore-IT-Technology-Services-Specialist-Linux-Administration-Cloud-Infra-Root-Cause-Analysis-5-10y-560066/1162488601/
Software Engineering,Data Development Architect,SAP,NA,"Bangalore, IN, 560066",https://jobs.sap.com//job/Bangalore-Data-Development-Architect-560066/1177375601/
Software Engineering,Cloud AI Developer-5-8 Years-Bangalore,SAP,NA,"Bangalore, KA, IN, 560066",https://jobs.sap.com//job/Bangalore-Cloud-AI-Developer-5-8-Years-Bangalore-KA-560066/1171880301/
Software Engineering,Senior Full Stack Developer/Associate Architect for API Platform - SAP Integration Suite,SAP,NA,"Bangalore, IN, 560066",https://jobs.sap.com//job/Bangalore-Senior-Full-Stack-DeveloperAssociate-Architect-for-API-Platform-SAP-Integration-Suite-560066/1108214701/
Software Engineering,Java Cloud Automation Developer,SAP,NA,"Bangalore, IN, 560066",https://jobs.sap.com//job/Bangalore-Java-Cloud-Automation-Developer-560066/1135092701/
Software Engineering,Gurgaon - SAP Basis Technology Consultant (Implementation/Migration/Conversion) - 2 to 14 years,SAP,NA,"Gurgaon, IN, 122002",https://jobs.sap.com//job/Gurgaon-Gurgaon-SAP-Basis-Technology-Consultant-%28ImplementationMigrationConversion%29-2-to-14-years-122002/1064805201/
Software Engineering,"Senior Cloud Infrastructure Automation Specialist, SAP Enterprise Cloud Services",SAP,NA,"Bangalore, IN, 560066",https://jobs.sap.com//job/Bangalore-Senior-Cloud-Infrastructure-Automation-Specialist%2C-SAP-Enterprise-Cloud-Services-560066/1150783601/
Software Engineering,"Tricentis | Product(s) Expert, Cloud ERP",SAP,NA,"Bangalore, IN, 560103",https://jobs.sap.com//job/Bangalore-Tricentis-Product%28s%29-Expert%2C-Cloud-ERP-560103/1134853401/
Software Engineering,Cloud AI Senior Developer - Bangalore,SAP,NA,"Bangalore, KA, IN, 560066",https://jobs.sap.com//job/Bangalore-Cloud-AI-Senior-Developer-Bangalore-KA-560066/1167431301/
Software Engineering,Knowledge Engineer for SAP Knowledge Graph / SAP Business AI- T2/T3,SAP,NA,"Bangalore, KA, IN, 560066",https://jobs.sap.com//job/Bangalore-Knowledge-Engineer-for-SAP-Knowledge-Graph-SAP-Business-AI-T2T3-KA-560066/1177270201/
Software Engineering,IT Project Senior Consultant,SAP,NA,"Bangalore, KA, IN, 560066",https://jobs.sap.com//job/Bangalore-IT-Project-Senior-Consultant-KA-560066/1182716801/
Software Engineering,Full Stack Cloud Engineer: SAP Signavio PAM,SAP,NA,"Bangalore, IN, 560066",https://jobs.sap.com//job/Bangalore-Full-Stack-Cloud-Engineer-SAP-Signavio-PAM-560066/1157090301/
Software Engineering,IT Project Developer - BTP,SAP,NA,"Bangalore, IN, 560066",https://jobs.sap.com//job/Bangalore-IT-Project-Developer-BTP-560066/1130865901/
Software Engineering,SAP Security and GRC + S4/Hana Implementation - Technology Consultant,SAP,NA,"Bangalore, IN, 560103",https://jobs.sap.com//job/Bangalore-SAP-Security-and-GRC-%2B-S4Hana-Implementation-Technology-Consultant-560103/1153861701/
Software Engineering,"Principal Software Engineer - CRM, BTP, Sales Cloud",SAP,NA,"Bangalore, IN, 560066",https://jobs.sap.com//job/Bangalore-Principal-Software-Engineer-CRM%2C-BTP%2C-Sales-Cloud-560066/1144649401/
Software Engineering,CFE Consultant,SAP,NA,"Bangalore, IN, 560093",https://jobs.sap.com//job/Bangalore-CFE-Consultant-560093/1165207601/
Software Engineering,Gurgaon - SAP Basis Technology Consultant (Implementation/Migration/Conversion) - T1/T2/T3,SAP,NA,"Gurgaon, IN, 122002",https://jobs.sap.com//job/Gurgaon-Gurgaon-SAP-Basis-Technology-Consultant-%28ImplementationMigrationConversion%29-T1T2T3-122002/1128782501/
Software Engineering,Full Stack Developer for API Platform @ SAP Integration Suite,SAP,NA,"Bangalore, IN, 560066",https://jobs.sap.com//job/Bangalore-Full-Stack-Developer-for-API-Platform-%40-SAP-Integration-Suite-560066/1108237401/
Software Engineering,Gurgaon - SAP Basis Technology Consultant (Implementation/Migration/Conversion) - T1/T2/T3,SAP,NA,"Gurgaon, IN, 122002",https://jobs.sap.com//job/Gurgaon-Gurgaon-SAP-Basis-Technology-Consultant-%28ImplementationMigrationConversion%29-T1T2T3-122002/1128782501/
Software Engineering,"Development Expert - python, pyspark, cloud (Ex 10- 15Y)",SAP,NA,"Bangalore, IN, 560066",https://jobs.sap.com//job/Bangalore-Development-Expert-python%2C-pyspark%2C-cloud-%28Ex-10-15Y%29-560066/1092491301/
Software Engineering,Bangalore - SAP Basis Technology Consultant (Migration/Conversion) - 2 to 15 years,SAP,NA,"Bangalore, IN, 560103",https://jobs.sap.com//job/Bangalore-Bangalore-SAP-Basis-Technology-Consultant-%28MigrationConversion%29-2-to-15-years-560103/1070028101/
Software Engineering,SAP Data Management Specialist,SAP,NA,"Bangalore, IN, 560066",https://jobs.sap.com//job/Bangalore-SAP-Data-Management-Specialist-560066/1136711601/
Software Engineering,"Developer (ABAP, RAP, Fiori) - S/4HANA Business Partner",SAP,NA,"Bangalore, IN, 560066",https://jobs.sap.com//job/Bangalore-Developer-%28ABAP%2C-RAP%2C-Fiori%29-S4HANA-Business-Partner-560066/1110809201/
Software Engineering,HANA Expert - 15+ years,SAP,NA,"Bangalore, KA, IN, 560066",https://jobs.sap.com//job/Bangalore-HANA-Expert-15%2B-years-KA-560066/1170110001/
Software Engineering,SAP S/4HANA Global Lead Innovation Incubation for Industries,SAP,NA,"Bangalore, IN, 560103",https://jobs.sap.com//job/Bangalore-SAP-S4HANA-Global-Lead-Innovation-Incubation-for-Industries-560103/1157430901/
Software Engineering,Senior Data Engineer,SAP,NA,"Bangalore, IN, 560066",https://jobs.sap.com//job/Bangalore-Senior-Data-Engineer-560066/1177373101/
Software Engineering,Senior UX Designer - AI & Enterprise UX,SAP,NA,"Bangalore, KA, IN, 560066",https://jobs.sap.com//job/Bangalore-Senior-UX-Designer-AI-&-Enterprise-UX-KA-560066/1178376801/
Software Engineering,Bangalore - SAP Basis Technology Consultant (Migration/Conversion) - 6 to 10 years,SAP,NA,"Bangalore, IN, 560066",https://jobs.sap.com//job/Bangalore-Bangalore-SAP-Basis-Technology-Consultant-%28MigrationConversion%29-6-to-10-years-560066/1113187701/
Software Engineering,"Full Stack Senior Developer: Java, React/Angular/Node",SAP,NA,"Bangalore, IN, 560066",https://jobs.sap.com//job/Bangalore-Full-Stack-Senior-Developer-Java%2C-ReactAngularNode-560066/1172736501/
Software Engineering,Returnship - Full Stack Developer,SAP,NA,"Bangalore, IN, 560066",https://jobs.sap.com//job/Bangalore-Returnship-Full-Stack-Developer-560066/1163966101/
Software Engineering,"Full Stack Developer: Java, React/Angular/Node",SAP,NA,"Bangalore, IN, 560066",https://jobs.sap.com//job/Bangalore-Full-Stack-Developer-Java%2C-ReactAngularNode-560066/1173422901/
Software Engineering,ABAP Developer Associate,SAP,NA,"Bangalore, IN, 560066",https://jobs.sap.com//job/Bangalore-ABAP-Developer-Associate-560066/1177245601/
Software Engineering,Returnship : IT Technology Services Senior Specialist,SAP,NA,"Bangalore, IN, 560066",https://jobs.sap.com//job/Bangalore-Returnship-IT-Technology-Services-Senior-Specialist-560066/1162499201/
Software Engineering,Chief Architect - SAP AI Core / Generative AI Hub,SAP,NA,"Bangalore, IN, 560066",https://jobs.sap.com//job/Bangalore-Chief-Architect-SAP-AI-Core-Generative-AI-Hub-560066/1137897401/
Software Engineering,Bangalore - SAP Basis Technology Consultant (Migration/Conversion) - 2 to 15 years,SAP,NA,"Bangalore, IN, 560103",https://jobs.sap.com//job/Bangalore-Bangalore-SAP-Basis-Technology-Consultant-%28MigrationConversion%29-2-to-15-years-560103/1070028101/
Software Engineering,SAP Data Management Specialist,SAP,NA,"Bangalore, IN, 560066",https://jobs.sap.com//job/Bangalore-SAP-Data-Management-Specialist-560066/1136711601/
Software Engineering,Cloud Developer - ISBN Cloud Ops,SAP,NA,"Bangalore, KA, IN, 560066",https://jobs.sap.com//job/Bangalore-Cloud-Developer-ISBN-Cloud-Ops-KA-560066/1156992301/
Software Engineering,SAP BASIS with HANA and S/4 technical,SAP,NA,"Bangalore, KA, IN, 560066",https://jobs.sap.com//job/Bangalore-SAP-BASIS-with-HANA-and-S4-technical-KA-560066/1095130801/
Software Engineering,Senior Database Specialist - IBM DB2 & SAP HANA,SAP,NA,"Bangalore, KA, IN, 560066",https://jobs.sap.com//job/Bangalore-Senior-Database-Specialist-IBM-DB2-&-SAP-HANA-KA-560066/1133891301/
Software Engineering,HANA Expert - 15+ years,SAP,NA,"Bangalore, KA, IN, 560066",https://jobs.sap.com//job/Bangalore-HANA-Expert-15%2B-years-KA-560066/1170110001/
Software Engineering,Development Expert-Analytics Architect,SAP,NA,"Bangalore, IN, 560103",https://jobs.sap.com//job/Bangalore-Development-Expert-Analytics-Architect-560103/1180279201/
Software Engineering,IT Business Services PrincipalConsultant,SAP,NA,"Bangalore, IN, 560066",https://jobs.sap.com//job/Bangalore-IT-Business-Services-PrincipalConsultant-560066/1171242101/
Software Engineering,Bangalore - SAP Basis Technology Consultant (Migration/Conversion) - 6 to 10 years,SAP,NA,"Bangalore, IN, 560066",https://jobs.sap.com//job/Bangalore-Bangalore-SAP-Basis-Technology-Consultant-%28MigrationConversion%29-6-to-10-years-560066/1113187701/
Software Engineering,"Associate Architect/Technical Lead - NodeJs, Typescript",SAP,NA,"Bangalore, IN, 560066",https://jobs.sap.com//job/Bangalore-Associate-ArchitectTechnical-Lead-NodeJs%2C-Typescript-560066/1109820301/
Software Engineering,Returnship - User Assistance Developer,SAP,NA,"Bangalore, IN, 560066",https://jobs.sap.com//job/Bangalore-Returnship-User-Assistance-Developer-560066/1134510201/
Software Engineering,Support Engineer_EWA Reports/Troubleshoot/ ECC/ S/4 HANA Systems_Bangalore_5-7 Years,SAP,NA,"Bangalore, IN, 560066",https://jobs.sap.com//job/Bangalore-Support-Engineer_EWA-ReportsTroubleshoot-ECC-S4-HANA-Systems_Bangalore_5-7-Years-560066/1153262101/
Software Engineering,"Developer-4-7 Years,Node.Js,Type script",SAP,NA,"Bangalore, IN, 560066",https://jobs.sap.com//job/Bangalore-Developer-4-7-Years%2CNode_Js%2CType-script-560066/1182567301/
Software Engineering,Support Associate_EWA Reports/ HANA DB/ Archiving/Troubleshoot/ Bangalore_3-5 Years,SAP,NA,"Bangalore, IN, 560066",https://jobs.sap.com//job/Bangalore-Support-Associate_EWA-Reports-HANA-DB-ArchivingTroubleshoot-Bangalore_3-5-Years-560066/1172273701/
Software Engineering,Solution Advisor Manager,SAP,NA,"Mumbai, IN, 400051",https://jobs.sap.com//job/Mumbai-Solution-Advisor-Manager-400051/1156131101/
Software Engineering,User Assistance Developer (Technical Writer)- 3-8 yrs.,SAP,NA,"Bangalore, IN, 560066",https://jobs.sap.com//job/Bangalore-User-Assistance-Developer-%28Technical-Writer%29-3-8-yrs_-560066/1178343701/
Software Engineering,User Experience Design Associate,SAP,NA,"Bangalore, IN, 560066",https://jobs.sap.com//job/Bangalore-User-Experience-Design-Associate-560066/1172147701/
Software Engineering,Senior Developer - Go/Python (7-14 years),SAP,NA,"Bangalore, IN, 560103",https://jobs.sap.com//job/Bangalore-Senior-Developer-GoPython-%287-14-years%29-560103/1088690001/
Software Engineering,PE Hub- Associate Consultant - PP / PM / PPM / DMC / EWM / TM,SAP,NA,"Gurgaon, IN, 122002",https://jobs.sap.com//job/Gurgaon-PE-Hub-Associate-Consultant-PP-PM-PPM-DMC-EWM-TM-122002/1175211701/
Software Engineering,Learning Business Process Consultant (SF Preferred Success),SAP,NA,"Bangalore, IN, 560103",https://jobs.sap.com//job/Bangalore-Learning-Business-Process-Consultant-%28SF-Preferred-Success%29-560103/1147718201/
Software Engineering,PE Hub- SAP EWM Functional Associate Consultant,SAP,NA,"Bangalore, IN, 560066",https://jobs.sap.com//job/Bangalore-PE-Hub-SAP-EWM-Functional-Associate-Consultant-560066/1104553001/
Software Engineering,Senior Full Stack Developer/Associate Architect for API Platform - SAP Integration Suite,SAP,NA,"Bangalore, IN, 560066",https://jobs.sap.com//job/Bangalore-Senior-Full-Stack-DeveloperAssociate-Architect-for-API-Platform-SAP-Integration-Suite-560066/1108214701/
Software Engineering,Business Process Associate Consultant (Cloud/SAAS Implementation)-Bangalore,SAP,NA,"Bangalore, IN, 560093",https://jobs.sap.com//job/Bangalore-Business-Process-Associate-Consultant-%28CloudSAAS-Implementation%29-Bangalore-560093/1131364501/
Software Engineering,Senior Developer,SAP,NA,"Bangalore, IN, 560066",https://jobs.sap.com//job/Bangalore-Senior-Developer-560066/1169283101/
Software Engineering,Developer Associate- Java Spring Boot Developer,SAP,NA,"Bangalore, IN, 560066",https://jobs.sap.com//job/Bangalore-Developer-Associate-Java-Spring-Boot-Developer-560066/1181194001/
Software Engineering,Business Processes Senior Consultant - CPI/HCI with HCM/SuccessFactors experience,SAP,NA,"Bangalore, IN, 560103",https://jobs.sap.com//job/Bangalore-Business-Processes-Senior-Consultant-CPIHCI-with-HCMSuccessFactors-experience-560103/1098944001/
Software Engineering,SAP Security and GRC + S4/Hana Implementation - Technology Consultant,SAP,NA,"Bangalore, IN, 560103",https://jobs.sap.com//job/Bangalore-SAP-Security-and-GRC-%2B-S4Hana-Implementation-Technology-Consultant-560103/1153861701/
Software Engineering,IT Business Services Consultant | BTP Application Developer,SAP,NA,"Pune, IN, 411014",https://jobs.sap.com//job/Pune-IT-Business-Services-Consultant-BTP-Application-Developer-411014/1172749401/
Software Engineering,"Nodejs, Devops, Kubernetes Developer",SAP,NA,"Bangalore, IN, 560066",https://jobs.sap.com//job/Bangalore-Nodejs%2C-Devops%2C-Kubernetes-Developer-560066/1104750301/
Software Engineering,Business Processes Associate Consultant,SAP,NA,"Pune, IN, 411014",https://jobs.sap.com//job/Pune-Business-Processes-Associate-Consultant-411014/1178269101/
Software Engineering,SAP SD Techno-Functional Consultant (SAP SD + ABAP) (PE HUB) - 3 to 5 Years,SAP,NA,"Pune, IN, 411014",https://jobs.sap.com//job/Pune-SAP-SD-Techno-Functional-Consultant-%28SAP-SD-%2B-ABAP%29-%28PE-HUB%29-3-to-5-Years-411014/1167793301/
Software Engineering,ABAP Developer,SAP,NA,"Bangalore, IN, 560066",https://jobs.sap.com//job/Bangalore-ABAP-Developer-560066/1177216101/
Software Engineering,Senior Developer- Java- ML/Analytics Cloud Native Application,SAP,NA,"Bangalore, IN, 560066",https://jobs.sap.com//job/Bangalore-Senior-Developer-Java-MLAnalytics-Cloud-Native-Application-560066/1159521801/
Software Engineering,SAP Basis with Hana and Hyperscalers - LLD Team,SAP,NA,"Bangalore, IN, 560066",https://jobs.sap.com//job/Bangalore-SAP-Basis-with-Hana-and-Hyperscalers-LLD-Team-560066/1181267201/
Software Engineering,Frontend Developer - UI5/JavaScript (3 to 7 years),SAP,NA,"Bangalore, IN, 560066",https://jobs.sap.com//job/Bangalore-Frontend-Developer-UI5JavaScript-%283-to-7-years%29-560066/1153151801/
Software Engineering,"Tricentis | Product(s) Expert, Cloud ERP",SAP,NA,"Bangalore, IN, 560103",https://jobs.sap.com//job/Bangalore-Tricentis-Product%28s%29-Expert%2C-Cloud-ERP-560103/1134853401/
Software Engineering,Cloud AI Senior Developer - Bangalore,SAP,NA,"Bangalore, KA, IN, 560066",https://jobs.sap.com//job/Bangalore-Cloud-AI-Senior-Developer-Bangalore-KA-560066/1167431301/
Software Engineering,SAP ERP PS Consultant - (Ex 4 -8Y),SAP,NA,"Bangalore, IN, 560066",https://jobs.sap.com//job/Bangalore-SAP-ERP-PS-Consultant-%28Ex-4-8Y%29-560066/1155398801/
Software Engineering,Migration Expert - SAP Basis Installation/Migration/Upgrade for ECS TECH-OPs Team (15+ Yrs.),SAP,NA,"Bangalore, IN, 560066",https://jobs.sap.com//job/Bangalore-Migration-Expert-SAP-Basis-InstallationMigrationUpgrade-for-ECS-TECH-OPs-Team-%2815%2B-Yrs_%29-560066/1165024301/
Software Engineering,Business Processes Senior Consultant - CPI/HCI with HCM/SuccessFactors experience,SAP,NA,"Bangalore, IN, 560103",https://jobs.sap.com//job/Bangalore-Business-Processes-Senior-Consultant-CPIHCI-with-HCMSuccessFactors-experience-560103/1098944001/
Software Engineering,IT Project Developer - BTP,SAP,NA,"Bangalore, IN, 560066",https://jobs.sap.com//job/Bangalore-IT-Project-Developer-BTP-560066/1130865901/
Software Engineering,SAP Security and GRC + S4/Hana Implementation - Technology Consultant,SAP,NA,"Bangalore, IN, 560103",https://jobs.sap.com//job/Bangalore-SAP-Security-and-GRC-%2B-S4Hana-Implementation-Technology-Consultant-560103/1153861701/
Software Engineering,"Principal Software Engineer - CRM, BTP, Sales Cloud",SAP,NA,"Bangalore, IN, 560066",https://jobs.sap.com//job/Bangalore-Principal-Software-Engineer-CRM%2C-BTP%2C-Sales-Cloud-560066/1144649401/
Software Engineering,Gurgaon - SAP Basis Technology Consultant (Implementation/Migration/Conversion) - T1/T2/T3,SAP,NA,"Gurgaon, IN, 122002",https://jobs.sap.com//job/Gurgaon-Gurgaon-SAP-Basis-Technology-Consultant-%28ImplementationMigrationConversion%29-T1T2T3-122002/1128782501/
Software Engineering,Returnship - Full Stack Developer,SAP,NA,"Bangalore, IN, 560066",https://jobs.sap.com//job/Bangalore-Returnship-Full-Stack-Developer-560066/1163966101/
Software Engineering,Python Automation Engineer- Cloud- 5+ yrs. (Location- Pune),SAP,NA,"Pune, IN, 411014",https://jobs.sap.com//job/Pune-Python-Automation-Engineer-Cloud-5%2B-yrs_-%28Location-Pune%29-411014/1079125101/
Software Engineering,CAP Developer | CPIT,SAP,NA,"Bangalore, KA, IN, 560066",https://jobs.sap.com//job/Bangalore-CAP-Developer-CPIT-KA-560066/1182250001/
Software Engineering,Senior Data Engineer,SAP,NA,"Bangalore, IN, 560066",https://jobs.sap.com//job/Bangalore-Senior-Data-Engineer-560066/1177373101/
Software Engineering,Bangalore - SAP Basis Technology Consultant (Migration/Conversion) - 2 to 15 years,SAP,NA,"Bangalore, IN, 560103",https://jobs.sap.com//job/Bangalore-Bangalore-SAP-Basis-Technology-Consultant-%28MigrationConversion%29-2-to-15-years-560103/1070028101/
Software Engineering,SAP Data Management Specialist,SAP,NA,"Bangalore, IN, 560066",https://jobs.sap.com//job/Bangalore-SAP-Data-Management-Specialist-560066/1136711601/
Software Engineering,Client Interfaces Developer- C++/Python/NodeJS/Perl (4-7 yrs.),SAP,NA,"Pune, IN, 411014",https://jobs.sap.com//job/Pune-Client-Interfaces-Developer-C%2B%2BPythonNodeJSPerl-%284-7-yrs_%29-411014/1134402501/
Software Engineering,Cloud Developer - ISBN Cloud Ops,SAP,NA,"Bangalore, KA, IN, 560066",https://jobs.sap.com//job/Bangalore-Cloud-Developer-ISBN-Cloud-Ops-KA-560066/1156992301/
Software Engineering,Data Development Architect,SAP,NA,"Bangalore, IN, 560066",https://jobs.sap.com//job/Bangalore-Data-Development-Architect-560066/1177375601/
Software Engineering,Cloud Native Senior Developer,SAP,NA,"Bangalore, IN, 560103",https://jobs.sap.com//job/Bangalore-Cloud-Native-Senior-Developer-560103/1079966001/
Software Engineering,Business Processes Consultant - BRIM FICA/CI,SAP,NA,"Gurgaon, IN, 122002",https://jobs.sap.com//job/Gurgaon-Business-Processes-Consultant-BRIM-FICACI-122002/1121715801/
Software Engineering,Development Expert-Analytics Architect,SAP,NA,"Bangalore, IN, 560103",https://jobs.sap.com//job/Bangalore-Development-Expert-Analytics-Architect-560103/1180279201/
Software Engineering,Business Processes Consultant- BRIM CC-Gurgaon/Bangalore,SAP,NA,"Bangalore, IN, 560103",https://jobs.sap.com//job/Bangalore-Business-Processes-Consultant-BRIM-CC-GurgaonBangalore-560103/1144113701/
Software Engineering,SAP BASIS Expert - Availability Management (HANA),SAP,NA,"Bangalore, IN, 560066",https://jobs.sap.com//job/Bangalore-SAP-BASIS-Expert-Availability-Management-%28HANA%29-560066/1152634701/
Software Engineering,Front-End Developer,SAP,NA,"Bangalore, IN, 560066",https://jobs.sap.com//job/Bangalore-Front-End-Developer-560066/1172797401/
Software Engineering,PE Hub- Associate Consultant - PP / PM / PPM / DMC / EWM / TM,SAP,NA,"Gurgaon, IN, 122002",https://jobs.sap.com//job/Gurgaon-PE-Hub-Associate-Consultant-PP-PM-PPM-DMC-EWM-TM-122002/1177302501/
Software Engineering,Developer for Analytics platform with Java/Python,SAP,NA,"Bangalore, IN, 560066",https://jobs.sap.com//job/Bangalore-Developer-for-Analytics-platform-with-JavaPython-560066/1182274401/
Software Engineering,"Associate ABAP Developer - CDS, OData, RAP",SAP,NA,"Gurgaon, IN, 122002",https://jobs.sap.com//job/Gurgaon-Associate-ABAP-Developer-CDS%2C-OData%2C-RAP-122002/1094071801/
Software Engineering,ABAP Developer (5+ years),SAP,NA,"Bangalore, IN, 560066",https://jobs.sap.com//job/Bangalore-ABAP-Developer-%285%2B-years%29-560066/1094223601/
Software Engineering,Returnship : IT Technology Services Senior Specialist,SAP,NA,"Bangalore, IN, 560066",https://jobs.sap.com//job/Bangalore-Returnship-IT-Technology-Services-Senior-Specialist-560066/1162499201/
Software Engineering,SAP ERP PS Consultant - (Ex 4 -8Y),SAP,NA,"Bangalore, IN, 560066",https://jobs.sap.com//job/Bangalore-SAP-ERP-PS-Consultant-%28Ex-4-8Y%29-560066/1155398801/
Software Engineering,"Developer - ABAP, CDS, Odata (Ex 4 -7Y)",SAP,NA,"Bangalore, IN, 560066",https://jobs.sap.com//job/Bangalore-Developer-ABAP%2C-CDS%2C-Odata-%28Ex-4-7Y%29-560066/1155399401/
Software Engineering,Business Processes Consultant - HCM Payroll - (PE Hub),SAP,NA,"Bangalore, IN, 560066",https://jobs.sap.com//job/Bangalore-Business-Processes-Consultant-HCM-Payroll-%28PE-Hub%29-560066/1170587901/
Software Engineering,"SAP SD Techno-Functional Consultant- 3-5 Years ""PE Hub""",SAP,NA,"Pune, IN, 411014",https://jobs.sap.com//job/Pune-SAP-SD-Techno-Functional-Consultant-3-5-Years-PE-Hub-411014/1167788201/
Software Engineering,Business Processes Consultant - ABAP HR with HCM/SuccessFactors experience,SAP,NA,"Bangalore, IN, 560103",https://jobs.sap.com//job/Bangalore-Business-Processes-Consultant-ABAP-HR-with-HCMSuccessFactors-experience-560103/1124561501/
Software Engineering,Business Processes Associate Consultant - ABAP HR with HCM/SuccessFactors experience,SAP,NA,"Bangalore, IN, 560103",https://jobs.sap.com//job/Bangalore-Business-Processes-Associate-Consultant-ABAP-HR-with-HCMSuccessFactors-experience-560103/1124561101/
Software Engineering,DevOps Engineer,SAP,NA,"Bangalore, IN, 560066",https://jobs.sap.com//job/Bangalore-DevOps-Engineer-560066/1083393401/
Software Engineering,User Assistance Developer,SAP,NA,"Bangalore, IN, 560066",https://jobs.sap.com//job/Bangalore-User-Assistance-Developer-560066/1155795501/
Software Engineering,Cyber Incident Response and Recovery Investigator,SAP,NA,"Bangalore, KA, IN, 560066",https://jobs.sap.com//job/Bangalore-Cyber-Incident-Response-and-Recovery-Investigator-KA-560066/1179715001/
Software Engineering,IT Senior Specialist - Material Master Data Management,SAP,NA,"Bangalore, KA, IN, 560066",https://jobs.sap.com//job/Bangalore-IT-Senior-Specialist-Material-Master-Data-Management-KA-560066/1152879101/
Software Engineering,Senior - Process Mining Specialist (Signavio),SAP,NA,"Bangalore, IN, 560066",https://jobs.sap.com//job/Bangalore-Senior-Process-Mining-Specialist-%28Signavio%29-560066/1165344101/
Software Engineering,Cloud Performance Engineer - Performance and Scalability Testing  | 3-7 y,SAP,NA,"Bangalore, IN, 560066",https://jobs.sap.com//job/Bangalore-Cloud-Performance-Engineer-Performance-and-Scalability-Testing-3-7-y-560066/1158538901/
Software Engineering,Content Design/User Assistance Development - SAP Integration Suite Design,SAP,NA,"Bangalore, IN, 560066",https://jobs.sap.com//job/Bangalore-Content-DesignUser-Assistance-Development-SAP-Integration-Suite-Design-560066/1159339201/
Software Engineering,Application Architect- SAP Datasphere- (12+ yrs.),SAP,NA,"Bangalore, IN, 560066",https://jobs.sap.com//job/Bangalore-Application-Architect-SAP-Datasphere-%2812%2B-yrs_%29-560066/1122515801/
Software Engineering,Hyperscaler/Cloud Architect - SAP Basis Installation/Migration/Upgrade to Cloud (15+ Yrs.),SAP,NA,"Bangalore, IN, 560066",https://jobs.sap.com//job/Bangalore-HyperscalerCloud-Architect-SAP-Basis-InstallationMigrationUpgrade-to-Cloud-%2815%2B-Yrs_%29-560066/1165025801/
Software Engineering,Senior Project Manager -  SAP Enterprise Cloud Service | 8 - 14 years,SAP,NA,"Bangalore, IN, 560066",https://jobs.sap.com//job/Bangalore-Senior-Project-Manager-SAP-Enterprise-Cloud-Service-8-14-years-560066/1110184901/
Software Engineering,Returnship - SAP ABAP Developer,SAP,NA,"Bangalore, IN, 560066",https://jobs.sap.com//job/Bangalore-Returnship-SAP-ABAP-Developer-560066/1166155701/
Software Engineering,Developer Associate - SAP ABAP (2 to 6 years),SAP,NA,"Bangalore, IN, 560066",https://jobs.sap.com//job/Bangalore-Developer-Associate-SAP-ABAP-%282-to-6-years%29-560066/1154945501/
Software Engineering,Associate Business Processes Consultant,SAP,NA,"Bangalore, IN, 560103",https://jobs.sap.com//job/Bangalore-Associate-Business-Processes-Consultant-560103/1141232901/
Software Engineering,Senior User Assistance Developer - Data & Analytics,SAP,NA,"Bangalore, IN, 560066",https://jobs.sap.com//job/Bangalore-Senior-User-Assistance-Developer-Data-&-Analytics-560066/1169158201/
Software Engineering,Bangalore - SAP Basis Technology Consultant (Migration/Conversion) - 6 to 10 years,SAP,NA,"Bangalore, IN, 560066",https://jobs.sap.com//job/Bangalore-Bangalore-SAP-Basis-Technology-Consultant-%28MigrationConversion%29-6-to-10-years-560066/1113187701/
Software Engineering,Cloud Native Senior Developer,SAP,NA,"Bangalore, IN, 560103",https://jobs.sap.com//job/Bangalore-Cloud-Native-Senior-Developer-560103/1079966001/
Software Engineering,Senior Developer,SAP,NA,"Bangalore, IN, 560066",https://jobs.sap.com//job/Bangalore-Senior-Developer-560066/1145625501/
Software Engineering,"Head of Sales - TATA Group and Metals & Mining Business, SAP India",SAP,NA,"Mumbai, IN, 400051",https://jobs.sap.com//job/Mumbai-Head-of-Sales-TATA-Group-and-Metals-&-Mining-Business%2C-SAP-India-400051/1179284501/
Software Engineering,Senior SAP NetWeaver Consultant - (ABAP and Java basis administration) (7-15 Yrs),SAP,NA,"Bangalore, IN, 560066",https://jobs.sap.com//job/Bangalore-Senior-SAP-NetWeaver-Consultant-%28ABAP-and-Java-basis-administration%29-%287-15-Yrs%29-560066/1160872101/
Software Engineering,"Senior Cloud Infrastructure Automation Specialist, SAP Enterprise Cloud Services",SAP,NA,"Bangalore, IN, 560066",https://jobs.sap.com//job/Bangalore-Senior-Cloud-Infrastructure-Automation-Specialist%2C-SAP-Enterprise-Cloud-Services-560066/1150783601/
Software Engineering,Cloud ERP- Business Processes Senior Consultant - FI or CO or TRM or FSCM or CFIN or GR,SAP,NA,"Bangalore, IN, 560103",https://jobs.sap.com//job/Bangalore-Cloud-ERP-Business-Processes-Senior-Consultant-FI-or-CO-or-TRM-or-FSCM-or-CFIN-or-GR-560103/1172481301/
Software Engineering,SAP NetWeaver Consultant (ABAP and Java basis administration) (3-7 Years exp),SAP,NA,"Bangalore, IN, 560066",https://jobs.sap.com//job/Bangalore-SAP-NetWeaver-Consultant-%28ABAP-and-Java-basis-administration%29-%283-7-Years-exp%29-560066/1160870301/
Software Engineering,SAP CoE S/4 HANA Financials Solution Architect - (PE Hub),SAP,NA,"Bangalore, KA, IN, 560066",https://jobs.sap.com//job/Bangalore-SAP-CoE-S4-HANA-Financials-Solution-Architect-%28PE-Hub%29-KA-560066/1169441901/
Software Engineering,IT Technology Services Senior Specialist- Trade Control Domain (ABAP),SAP,NA,"Bangalore, KA, IN, 560066",https://jobs.sap.com//job/Bangalore-IT-Technology-Services-Senior-Specialist-Trade-Control-Domain-%28ABAP%29-KA-560066/1134577101/
Software Engineering,IT SAP Senior Developer - Tax,SAP,NA,"Bangalore, IN, 560066",https://jobs.sap.com//job/Bangalore-IT-SAP-Senior-Developer-Tax-560066/1118380001/
Software Engineering,"Senior Developer-8+ Years ,Java, Python",SAP,NA,"Bangalore, IN, 560066",https://jobs.sap.com//job/Bangalore-Senior-Developer-8%2B-Years-%2CJava%2C-Python-560066/1162990201/
Software Engineering,Migration Expert - SAP Basis Installation/Migration/Upgrade for ECS TECH-OPs Team (15+ Yrs.),SAP,NA,"Bangalore, IN, 560066",https://jobs.sap.com//job/Bangalore-Migration-Expert-SAP-Basis-InstallationMigrationUpgrade-for-ECS-TECH-OPs-Team-%2815%2B-Yrs_%29-560066/1165024301/
Software Engineering,IT Project Associate,SAP,NA,"Pune, IN, 411014",https://jobs.sap.com//job/Pune-IT-Project-Associate-411014/1156116501/
Software Engineering,Development Architect-Java/Python,SAP,NA,"Bangalore, IN, 560066",https://jobs.sap.com//job/Bangalore-Development-Architect-JavaPython-560066/1165262801/
Software Engineering,Senior Tax Technologist,SAP,NA,"Bangalore, IN, 560066",https://jobs.sap.com//job/Bangalore-Senior-Tax-Technologist-560066/1096744101/
Software Engineering,"Principal Software Engineer - CRM, BTP, Sales Cloud",SAP,NA,"Bangalore, IN, 560066",https://jobs.sap.com//job/Bangalore-Principal-Software-Engineer-CRM%2C-BTP%2C-Sales-Cloud-560066/1144649401/
Software Engineering,Senior IT Partner Management/Project Expert - SAP Basis Installation/Migration/Upgrade (10+ Yrs.),SAP,NA,"Bangalore, IN, 560066",https://jobs.sap.com//job/Bangalore-Senior-IT-Partner-ManagementProject-Expert-SAP-Basis-InstallationMigrationUpgrade-%2810%2B-Yrs_%29-560066/1164638001/
Software Engineering,Java Developer_CLM,SAP,NA,"Bangalore, IN, 560066",https://jobs.sap.com//job/Bangalore-Java-Developer_CLM-560066/1182726201/
Software Engineering,Business Processes Associate Consultant,SAP,NA,"Bangalore, IN, 560103",https://jobs.sap.com//job/Bangalore-Business-Processes-Associate-Consultant-560103/1163971901/
Software Engineering,Front-End Developer,SAP,NA,"Bangalore, IN, 560066",https://jobs.sap.com//job/Bangalore-Front-End-Developer-560066/1172797401/
Software Engineering,Principal Enterprise Architect,SAP,NA,"Bangalore, IN, 560066",https://jobs.sap.com//job/Bangalore-Principal-Enterprise-Architect-560066/1147042201/
Software Engineering,Senior Database Developer- C++ (7+yrs.),SAP,NA,"Pune, IN, 411014",https://jobs.sap.com//job/Pune-Senior-Database-Developer-C%2B%2B-%287%2Byrs_%29-411014/1141408201/
Software Engineering,"SAP Full Stack Developer - ABAP, BTP, UI5",SAP,NA,"Bangalore, IN, 560066",https://jobs.sap.com//job/Bangalore-SAP-Full-Stack-Developer-ABAP%2C-BTP%2C-UI5-560066/1145248201/
Software Engineering,User Experience Design Specialist,SAP,NA,"Bangalore, KA, IN, 560066",https://jobs.sap.com//job/Bangalore-User-Experience-Design-Specialist-KA-560066/1172752001/
Software Engineering,User Experience Design -Senior/Expert,SAP,NA,"Bangalore, KA, IN, 560066",https://jobs.sap.com//job/Bangalore-User-Experience-Design-SeniorExpert-KA-560066/1172872601/
